<?xml version="1.0" encoding="utf-8" standalone="no"?><cem:cem xmlns:cem="http://ltsc.ieee.org/xsd/CEM" xmlns:xsi="http://www.w3.org/2001/XMLSchema-instance" xsi:schemaLocation="http://ltsc.ieee.org/xsd/LOM lomCustom.xsd" xsi:type="cem:cem">
	<general>
		<language>en</language>
		<identifier>
			<catalog catName="edistribution" catSource="http://www.edistribution.co/">engenn1le01ob01re2</catalog>
		</identifier>
		<title lang="en" subtitle="">Let's Start</title>
		<description lang="en">Let's Start: it is the first resource of Hello! that makes part of the lesson No: 1. Hello! which belongs to English teaching Pre-Starter(Pre-A1). It is intended to present the LO topic, the learning outcome, the can do statements, and the trigger question.</description>
		<keyword lang="en">
			<li>Greetings</li>
			<li>Hello</li>
			<li>Present  tense of to be</li>
			<li>I am</li>
		</keyword>
	</general>
	<lifeCycle>
		<version date="28-04-2015">1.0</version>
		<status>Publicado</status>
		<contribute>
			<role schema="CEM">Productor ejecutivo</role>
			<entity country="CA" entityForm="21452" institution="ELL Technologies Ltd." src="info@elltechnologies.com" type="Persona">Jayne Edmonds</entity>
			<date>28-04-2015</date>
		</contribute>
		<contribute>
			<role schema="CEM">Productor ejecutivo</role>
			<entity country="CA" entityForm="10231" institution="ELL Technologies Ltd." src="info@elltechnologies.com" type="Persona">Bill Martin</entity>
			<date>28-04-2015</date>
		</contribute>
		<contribute>
			<role schema="CEM">Productor ejecutivo</role>
			<entity country="CA" entityForm="10232" institution="ELL Technologies Ltd." src="info@elltechnologies.com" type="Persona">Yueh-Chin Ma</entity>
			<date>28-04-2015</date>
		</contribute>
		<contribute>
			<role schema="CEM">Productor ejecutivo</role>
			<entity country="CA" entityForm="10352" institution="ELL Technologies Ltd." src="info@elltechnologies.com" type="Persona">Lial Zlatkin</entity>
			<date>28-04-2015</date>
		</contribute>
		<contribute>
			<role schema="CEM">Diseñador Instruccional</role>
			<entity country="CA" entityForm="77821" institution="ELL Technologies Ltd." src="info@elltechnologies.com" type="Persona">Rita Gagliano</entity>
			<date>28-04-2015</date>
		</contribute>
		<contribute>
			<role schema="CEM">Experto Pedagógico</role>
			<entity country="CA" entityForm="77822" institution="ELL Technologies Ltd." src="info@elltechnologies.com" type="Persona">Giuliano Gullotti</entity>
			<date>28-04-2015</date>
		</contribute>
		<contribute>
			<role schema="CEM">Experto Pedagógico</role>
			<entity country="CA" entityForm="77823" institution="ELL Technologies Ltd." src="info@elltechnologies.com" type="Persona">Natalie Ryan</entity>
			<date>28-04-2015</date>
		</contribute>
		<contribute>
			<role schema="CEM">Experto Pedagógico</role>
			<entity country="CA" entityForm="77824" institution="ELL Technologies Ltd." src="info@elltechnologies.com" type="Persona">Chamini Loganathan</entity>
			<date>28-04-2015</date>
		</contribute>
		<contribute>
			<role schema="CEM">Experto Pedagógico</role>
			<entity country="CA" entityForm="77825" institution="ELL Technologies Ltd." src="info@elltechnologies.com" type="Persona">Anne-Louise Power</entity>
			<date>28-04-2015</date>
		</contribute>
		<contribute>
			<role schema="CEM">Experto Pedagógico</role>
			<entity country="CA" entityForm="77826" institution="ELL Technologies Ltd." src="info@elltechnologies.com" type="Persona">Carol Vizard</entity>
			<date>28-04-2015</date>
		</contribute>
		<contribute>
			<role schema="CEM">Experto Pedagógico</role>
			<entity country="CA" entityForm="77827" institution="ELL Technologies Ltd." src="info@elltechnologies.com" type="Persona">Charles Gibbs</entity>
			<date>28-04-2015</date>
		</contribute>
		<contribute>
			<role schema="CEM">Experto Pedagógico</role>
			<entity country="CA" entityForm="77828" institution="ELL Technologies Ltd." src="info@elltechnologies.com" type="Persona">Shamina Vastani</entity>
			<date>28-04-2015</date>
		</contribute>
		<contribute>
			<role schema="CEM">Experto Pedagógico</role>
			<entity country="CA" entityForm="77829" institution="ELL Technologies Ltd." src="info@elltechnologies.com" type="Persona">Sumi Akhter</entity>
			<date>28-04-2015</date>
		</contribute>
		<contribute>
			<role schema="CEM">Experto Pedagógico</role>
			<entity country="CA" entityForm="77830" institution="ELL Technologies Ltd." src="info@elltechnologies.com" type="Persona">Rehan Pochkhanawala</entity>
			<date>28-04-2015</date>
		</contribute>
		<contribute>
			<role schema="CEM">Desarrollador Web</role>
			<entity country="CA" entityForm="65143" institution="ELL Technologies Ltd." src="info@elltechnologies.com" type="Persona">Robert Christopher McMahon</entity>
			<date>28-04-2015</date>
		</contribute>
		<contribute>
			<role schema="CEM">Desarrollador Web</role>
			<entity country="CA" entityForm="65144" institution="ELL Technologies Ltd." src="info@elltechnologies.com" type="Persona">Sean Roy Roadhouse</entity>
			<date>28-04-2015</date>
		</contribute>
		<contribute>
			<role schema="CEM">Desarrollador Web</role>
			<entity country="CA" entityForm="65145" institution="ELL Technologies Ltd." src="info@elltechnologies.com" type="Persona">Martin Zlatkin</entity>
			<date>28-04-2015</date>
		</contribute>
		<contribute>
			<role schema="CEM">Desarrollador Web</role>
			<entity country="CA" entityForm="65146" institution="ELL Technologies Ltd." src="info@elltechnologies.com" type="Persona">Kristine Rose Seko Tomlinson</entity>
			<date>28-04-2015</date>
		</contribute>
		<contribute>
			<role schema="CEM">Desarrollador Web</role>
			<entity country="CA" entityForm="65147" institution="ELL Technologies Ltd." src="info@elltechnologies.com" type="Persona">Truman Kwong</entity>
			<date>28-04-2015</date>
		</contribute>
		<contribute>
			<role schema="CEM">Desarrollador Web</role>
			<entity country="CA" entityForm="65148" institution="ELL Technologies Ltd." src="info@elltechnologies.com" type="Persona">Derek Li</entity>
			<date>28-04-2015</date>
		</contribute>
		<contribute>
			<role schema="CEM">Desarrollador Web</role>
			<entity country="CA" entityForm="65149" institution="ELL Technologies Ltd." src="info@elltechnologies.com" type="Persona">Seema Singh</entity>
			<date>28-04-2015</date>
		</contribute>
		<contribute>
			<role schema="CEM">Desarrollador Web</role>
			<entity country="CA" entityForm="65150" institution="ELL Technologies Ltd." src="info@elltechnologies.com" type="Persona">Santosh Adupa</entity>
			<date>28-04-2015</date>
		</contribute>
		<contribute>
			<role schema="CEM">Diseñador Gráfico</role>
			<entity country="CA" entityForm="22187" institution="ELL Technologies Ltd." src="info@elltechnologies.com" type="Persona">Ricardo Jorge da Rocha Silva Pereira</entity>
			<date>28-04-2015</date>
		</contribute>
		<contribute>
			<role schema="CEM">Diseñador Gráfico</role>
			<entity country="CA" entityForm="22188" institution="ELL Technologies Ltd." src="info@elltechnologies.com" type="Persona">Jeff Wasson</entity>
			<date>28-04-2015</date>
		</contribute>
		<contribute>
			<role schema="CEM">Diseñador Gráfico</role>
			<entity country="CA" entityForm="22189" institution="ELL Technologies Ltd." src="info@elltechnologies.com" type="Persona">Siusan Moffat</entity>
			<date>28-04-2015</date>
		</contribute>
		<contribute>
			<role schema="CEM">Diseñador Gráfico</role>
			<entity country="CA" entityForm="22190" institution="ELL Technologies Ltd." src="info@elltechnologies.com" type="Persona">Maria Alexandrovna Romanova</entity>
			<date>28-04-2015</date>
		</contribute>
	</lifeCycle>
	<educational>
		<description>
			<recommendedUse lang="en">This educational digital resource can be used as a warm up activity to motivate the student and to present a topic to to establish a relationship between the prior knowledge and  the new one.</recommendedUse>
			<triggerQuestion lang="en">How do you say hello to friends?; How do you say hello to your teacher?</triggerQuestion>
			<pedagogicalAspect lang="en">This resource intends to motivate the student and to present a topic to to establish a relationship between the  prior knowledge and  the new one.</pedagogicalAspect>
			<learningGoal lang="en">The purpose of this learning object is to Exchange basic personal information.</learningGoal>
		</description>
	</educational>
<relation>
        <kind schema="">Es parte de</kind>
        <resource>
            <identifier>
                <catalog catName="" catSource="">engenn1le01ob01</catalog>
            </identifier>
            <description lang="">This virtual learning object Hello! that makes part of the lesson No: 1. What's Your Name? which belongs to English teaching Pre-Starter(Pre-A1). It is intended to work on: Say hello and goodbye in more or less formal situations, at different times of the day. The grammar of this LO is refered to Present tense of verb to be (am, is, are) in affirmative form: I, he, she, it. Also, the vocabulary considers: Greetings; Personal information: Names, last names, titles; Times of the day, days, months, seasons; Family Members; Numbers. </description>
        </resource>
</relation></cem:cem>