﻿<?xml version="1.0" encoding="utf-8"?>
<cem:cem xmlns:xsi="http://www.w3.org/2001/XMLSchema-instance" xmlns:cem="http://ltsc.ieee.org/xsd/CEM" xsi:type="cem:cem" xsi:schemaLocation="http://ltsc.ieee.org/xsd/LOM lomCustom.xsd">
	<general>
		<language>en</language>
		<identifier>
			<catalog catName="edistribution" catSource="http://www.edistribution.co/">engenn1le01ob01</catalog>
		</identifier>
		<title subtitle="" lang="en">Hello!</title>
		<description lang="en">This virtual learning object Hello! that makes part of the lesson No: 1. What's Your Name? which belongs to English teaching Pre-Starter(Pre-A1). It is intended to work on: Say hello and goodbye in more or less formal situations, at different times of the day. The grammar of this LO is refered to Present tense of verb to be (am, is, are) in affirmative form: I, he, she, it. Also, the vocabulary considers: Greetings; Personal information: Names, last names, titles; Times of the day, days, months, seasons; Family Members; Numbers. </description>
		<keyword lang="en">
			<li>Greetings</li>
			<li>Hello</li>
			<li>Present  tense of to be</li>
			<li>I am</li>
		</keyword>
	</general>
	<lifeCycle>
		<version date="28-04-2015">1.0</version>
		<status>Publicado</status>
		<contribute>
			<role schema="CEM">Productor ejecutivo</role>
			<entity entityForm="21452" type="Persona" src="info@elltechnologies.com" institution="ELL Technologies Ltd." country="CA">Jayne Edmonds</entity>
			<date>28-04-2015</date>
		</contribute>
		<contribute>
			<role schema="CEM">Productor ejecutivo</role>
			<entity entityForm="10231" type="Persona" src="info@elltechnologies.com" institution="ELL Technologies Ltd." country="CA">Bill Martin</entity>
			<date>28-04-2015</date>
		</contribute>
		<contribute>
			<role schema="CEM">Productor ejecutivo</role>
			<entity entityForm="10232" type="Persona" src="info@elltechnologies.com" institution="ELL Technologies Ltd." country="CA">Yueh-Chin Ma</entity>
			<date>28-04-2015</date>
		</contribute>
		<contribute>
			<role schema="CEM">Productor ejecutivo</role>
			<entity entityForm="10352" type="Persona" src="info@elltechnologies.com" institution="ELL Technologies Ltd." country="CA">Lial Zlatkin</entity>
			<date>28-04-2015</date>
		</contribute>
		<contribute>
			<role schema="CEM">Diseñador Instruccional</role>
			<entity entityForm="77821" type="Persona" src="info@elltechnologies.com" institution="ELL Technologies Ltd." country="CA">Rita Gagliano</entity>
			<date>28-04-2015</date>
		</contribute>
		<contribute>
			<role schema="CEM">Experto Pedagógico</role>
			<entity entityForm="77822" type="Persona" src="info@elltechnologies.com" institution="ELL Technologies Ltd." country="CA">Giuliano Gullotti</entity>
			<date>28-04-2015</date>
		</contribute>
		<contribute>
			<role schema="CEM">Experto Pedagógico</role>
			<entity entityForm="77823" type="Persona" src="info@elltechnologies.com" institution="ELL Technologies Ltd." country="CA">Natalie Ryan</entity>
			<date>28-04-2015</date>
		</contribute>
		<contribute>
			<role schema="CEM">Experto Pedagógico</role>
			<entity entityForm="77824" type="Persona" src="info@elltechnologies.com" institution="ELL Technologies Ltd." country="CA">Chamini Loganathan</entity>
			<date>28-04-2015</date>
		</contribute>
		<contribute>
			<role schema="CEM">Experto Pedagógico</role>
			<entity entityForm="77825" type="Persona" src="info@elltechnologies.com" institution="ELL Technologies Ltd." country="CA">Anne-Louise Power</entity>
			<date>28-04-2015</date>
		</contribute>
		<contribute>
			<role schema="CEM">Experto Pedagógico</role>
			<entity entityForm="77826" type="Persona" src="info@elltechnologies.com" institution="ELL Technologies Ltd." country="CA">Carol Vizard</entity>
			<date>28-04-2015</date>
		</contribute>
		<contribute>
			<role schema="CEM">Experto Pedagógico</role>
			<entity entityForm="77827" type="Persona" src="info@elltechnologies.com" institution="ELL Technologies Ltd." country="CA">Charles Gibbs</entity>
			<date>28-04-2015</date>
		</contribute>
		<contribute>
			<role schema="CEM">Experto Pedagógico</role>
			<entity entityForm="77828" type="Persona" src="info@elltechnologies.com" institution="ELL Technologies Ltd." country="CA">Shamina Vastani</entity>
			<date>28-04-2015</date>
		</contribute>
		<contribute>
			<role schema="CEM">Experto Pedagógico</role>
			<entity entityForm="77829" type="Persona" src="info@elltechnologies.com" institution="ELL Technologies Ltd." country="CA">Sumi Akhter</entity>
			<date>28-04-2015</date>
		</contribute>
		<contribute>
			<role schema="CEM">Experto Pedagógico</role>
			<entity entityForm="77830" type="Persona" src="info@elltechnologies.com" institution="ELL Technologies Ltd." country="CA">Rehan Pochkhanawala</entity>
			<date>28-04-2015</date>
		</contribute>
		<contribute>
			<role schema="CEM">Desarrollador Web</role>
			<entity entityForm="65143" type="Persona" src="info@elltechnologies.com" institution="ELL Technologies Ltd." country="CA">Robert Christopher McMahon</entity>
			<date>28-04-2015</date>
		</contribute>
		<contribute>
			<role schema="CEM">Desarrollador Web</role>
			<entity entityForm="65144" type="Persona" src="info@elltechnologies.com" institution="ELL Technologies Ltd." country="CA">Sean Roy Roadhouse</entity>
			<date>28-04-2015</date>
		</contribute>
		<contribute>
			<role schema="CEM">Desarrollador Web</role>
			<entity entityForm="65145" type="Persona" src="info@elltechnologies.com" institution="ELL Technologies Ltd." country="CA">Martin Zlatkin</entity>
			<date>28-04-2015</date>
		</contribute>
		<contribute>
			<role schema="CEM">Desarrollador Web</role>
			<entity entityForm="65146" type="Persona" src="info@elltechnologies.com" institution="ELL Technologies Ltd." country="CA">Kristine Rose Seko Tomlinson</entity>
			<date>28-04-2015</date>
		</contribute>
		<contribute>
			<role schema="CEM">Desarrollador Web</role>
			<entity entityForm="65147" type="Persona" src="info@elltechnologies.com" institution="ELL Technologies Ltd." country="CA">Truman Kwong</entity>
			<date>28-04-2015</date>
		</contribute>
		<contribute>
			<role schema="CEM">Desarrollador Web</role>
			<entity entityForm="65148" type="Persona" src="info@elltechnologies.com" institution="ELL Technologies Ltd." country="CA">Derek Li</entity>
			<date>28-04-2015</date>
		</contribute>
		<contribute>
			<role schema="CEM">Desarrollador Web</role>
			<entity entityForm="65149" type="Persona" src="info@elltechnologies.com" institution="ELL Technologies Ltd." country="CA">Seema Singh</entity>
			<date>28-04-2015</date>
		</contribute>
		<contribute>
			<role schema="CEM">Desarrollador Web</role>
			<entity entityForm="65150" type="Persona" src="info@elltechnologies.com" institution="ELL Technologies Ltd." country="CA">Santosh Adupa</entity>
			<date>28-04-2015</date>
		</contribute>
		<contribute>
			<role schema="CEM">Diseñador Gráfico</role>
			<entity entityForm="22187" type="Persona" src="info@elltechnologies.com" institution="ELL Technologies Ltd." country="CA">Ricardo Jorge da Rocha Silva Pereira</entity>
			<date>28-04-2015</date>
		</contribute>
		<contribute>
			<role schema="CEM">Diseñador Gráfico</role>
			<entity entityForm="22188" type="Persona" src="info@elltechnologies.com" institution="ELL Technologies Ltd." country="CA">Jeff Wasson</entity>
			<date>28-04-2015</date>
		</contribute>
		<contribute>
			<role schema="CEM">Diseñador Gráfico</role>
			<entity entityForm="22189" type="Persona" src="info@elltechnologies.com" institution="ELL Technologies Ltd." country="CA">Siusan Moffat</entity>
			<date>28-04-2015</date>
		</contribute>
		<contribute>
			<role schema="CEM">Diseñador Gráfico</role>
			<entity entityForm="22190" type="Persona" src="info@elltechnologies.com" institution="ELL Technologies Ltd." country="CA">Maria Alexandrovna Romanova</entity>
			<date>28-04-2015</date>
		</contribute>
	</lifeCycle>
	<educational>
		<description>
			<recommendedUse lang="en">This  educational digital  resource can be used as a practice activity as a starting point for developing  a prompt. The teacher could work further with activities and tasks of this  kind in order to help students extending their procedural knowledge.</recommendedUse>
			<triggerQuestion lang="en">How do you say hello to friends?; How do you say hello to your teacher?</triggerQuestion>
			<pedagogicalAspect lang="en">The information about Present tense of verb to be (am, is, are) in affirmative form: I, he, she, it is presented within the context of Say hello and goodbye in more or less formal situations, at different times of the day. Additionally the student will be related to Greetings; Personal information: Names, last names, titles; Times of the day, days, months, seasons; Family Members; Numbers. The students will be exposed to vocabulary related to . </pedagogicalAspect>
			<learningGoal lang="en">Exchange basic personal information.</learningGoal>
		</description>
	</educational>
</cem:cem>
