{"help_skills_icons": "HABILIDADES: Estos íconos indican las habilidades más destacadas dentro de la temática.","help_activity_icons": "LET'S PRACTICE: Estas son actividades de práctica.","help_welcome_icon": "LET'S START: Aquí encontrará la introducción a la temática de estudio.","help_content_icon": "LET'S EXPLORE: Aquí inicia su proceso de aprendizaje.","help_breadcrumbs": "CABEZOTE: Esta es la ruta que describe el idioma, nivel y nombre de la lección. Este es el tema a desarrollar.","help_menu": "MENÚ HERRAMIENTAS:","help_menu_sfx": "Apagar sonidos de la interfaz.","help_menu_full_screen": "Pantalla completa (full screen).","help_menu_credits": "Créditos.","help_menu_help": "Guía de navegación.","help_menu_info": "Información del producto.","help_menu_accessibility": "Accesibilidad.","help_target_words_icon": "Target Words: Acá encontrará el vocabulario más relevante de la temática.","help_Language_points_icon": "LANGUAGE POINT: Acá encontrará la gramática y aspectos culturales trabajados en la temática.","help_quiz_icon": "CHECK YOUR PROGRESS: Acá se verificará su progreso de aprendizaje.","help_takeaway_icon": "TAKEAWAY (PDF): Acá encontrará la versión imprimible de la temática y actividades.","no_recording": "Your browser does not support audio recording. Please use a modern browser such as FireFox or Chrome","learning_skill_listening": "Listening","learning_skill_reading": "Reading","learning_skill_writing": "Writing","learning_skill_speeking": "Speaking"}